{
  "coefs": {
    "runs_remaining": -0.2864068432806599,
    "balls_remaining": 0.21540472579264666,
    "wickets_remaining": 0.055544626524205234,
    "overs_remaining": 0.21540472579264125,
    "run_rate_required": -1.121914954122588,
    "run_rate_current": -0.046943226435839626,
    "wickets_pressure": -0.002530175555896866,
    "momentum_factor": -0.03872153420859959,
    "target_size_factor": 0.2103107029719577,
    "venue_adjustment": 0.0,
    "rr_gap": -1.1014972320871366,
    "required_boundary_rate": -1.1219149541225921,
    "runs_per_wicket_remaining": -1.800558133179719,
    "wickets_per_over_remaining": -0.00803164656241963,
    "wickets_in_hand_ratio": 0.055544626524201196,
    "runs_per_ball_required": -1.1219149541225921,
    "target_runs_per_ball": 0.04043541824435063,
    "pressure_index": 0.42529215502483286,
    "chase_progress": -0.22466344156770007,
    "death_overs": -0.05722232930319501,
    "intercept": -0.9245411089399495
  },
  "venue_adjustments": {
    "default": 0.0,
    "wankhede": 0.15,
    "eden_gardens": 0.12,
    "chinnaswamy": 0.1,
    "dyanmond park": 0.08,
    "punjab cricket": 0.05,
    "brabourne": 0.06
  },
  "training_metadata": {
    "source": "bundled",
    "trained_at": "2026-04-15T12:24:23.393770",
    "metrics": {
      "test_auc": 0.8309294578355171,
      "test_accuracy": 0.7443983704350357,
      "test_log_loss": 0.4957474756568699,
      "training_samples": 108569,
      "test_samples": 27492,
      "training_matches": 946,
      "test_matches": 237
    },
    "scaler_mean": [
      94.54740303401523,
      62.87949598872606,
      7.494947913308587,
      10.47991599812101,
      11.306988991798278,
      7.706437988700177,
      0.07970967771647523,
      2.0051426546363222,
      0.8344588694747118,
      0.0,
      3.6005510030981003,
      0.4711245413249282,
      13.323072822389157,
      1.1890621136158572,
      0.7494947913308586,
      1.8844981652997128,
      1.4161075752133052,
      6.396472702407238,
      0.4760448040723718,
      0.21477585682837644
    ],
    "scaler_scale": [
      51.316643829689966,
      33.39465028791243,
      2.169046702287209,
      5.5657750479854045,
      16.94210441550211,
      2.419874254558234,
      0.27084321109234194,
      1.9413245502768683,
      0.13343686907573243,
      1.0,
      17.15301958333575,
      0.7059210173125879,
      9.21471997402855,
      2.080776146652004,
      0.2169046702287209,
      2.8236840692503518,
      0.2641899938010775,
      33.93199013151477,
      0.2783533808173538,
      0.4106667604664555
    ]
  }
}
